{"Recent_price":{"A":126.4400024414,"AAL":19.0,"AAP":218.6799926758,"AAPL":165.2899932861,"ABBV":162.3099975586,"ABC":161.2100067139,"ABMD":306.0799865723,"ABT":117.6900024414,"ACN":319.4700012207,"ADBE":420.4400024414,"ADI":156.5,"ADM":96.9100036621,"ADP":229.1999969482,"ADSK":196.7299957275,"AEE":96.25,"AEP":102.0400009155,"AES":24.4099998474,"AFL":65.3300018311,"AIG":63.0299987793,"AIZ":189.3000030518,"AJG":180.6100006104,"AKAM":118.9899978638,"ALB":210.8899993896,"ALGN":409.8200073242,"ALK":57.1100006104,"ALL":141.1600036621,"ALLE":107.4300003052,"AMAT":113.3600006104,"AMCR":11.6700000763,"AMD":93.0599975586,"AME":127.0500030518,"AMGN":254.0200042725,"AMP":290.7300109863,"AMT":255.5399932861,"AMZN":3034.1298828125,"ANET":126.5800018311,"ANSS":282.3299865723,"ANTM":516.7199707031,"AON":328.2600097656,"AOS":63.7900009155,"APA":43.6800003052,"APD":246.8399963379,"APH":70.3799972534,"APTV":107.5100021362,"ARE":196.1799926758,"ATO":119.7399978638,"ATVI":78.9300003052,"AVB":246.6100006104,"AVGO":573.8499755859,"AVY":166.4900054932,"AWK":166.1600036621,"AXP":181.1600036621,"AZO":2164.6000976562,"BA":181.9400024414,"BAC":37.5699996948,"BAX":76.4400024414,"BBWI":52.1899986267,"BBY":93.8399963379,"BDX":271.6799926758,"BEN":25.5699996948,"BF-B":68.5,"BIIB":212.5500030518,"BIO":548.1900024414,"BK":47.2900009155,"BKNG":2227.2900390625,"BKR":37.2900009155,"BLK":688.1699829102,"BLL":87.1500015259,"BMY":77.5100021362,"BR":153.5200042725,"BRK-B":344.3299865723,"BRO":71.2600021362,"BSX":44.25,"BWA":37.0099983215,"BXP":124.5899963379,"C":50.9300003052,"CAG":35.6199989319,"CAH":62.9599990845,"CARR":41.2799987793,"CAT":227.8099975586,"CB":210.5200042725,"CBOE":117.3300018311,"CBRE":85.5599975586,"CCI":192.6799926758,"CCL":19.5599994659,"CDAY":60.6300010681,"CDNS":149.8000030518,"CDW":172.9700012207,"CE":145.1699981689,"CEG":62.5499992371,"CERN":93.3000030518,"CF":108.4100036621,"CFG":40.8699989319,"CHD":102.6500015259,"CHRW":103.2799987793,"CHTR":555.3200073242,"CI":259.2099914551,"CINF":138.1900024414,"CL":80.9400024414,"CLX":145.5700073242,"CMA":88.3700027466,"CMCSA":47.5800018311,"CME":237.6600036621,"CMG":1603.1700439453,"CMI":195.9400024414,"CMS":71.5500030518,"CNC":86.5400009155,"CNP":32.4000015259,"COF":132.5899963379,"COO":399.6199951172,"COP":101.3700027466,"COST":590.3900146484,"CPB":46.2000007629,"CPRT":116.9800033569,"CPT":164.6199951172,"CRL":284.6300048828,"CRM":189.4100036621,"CSCO":51.1699981689,"CSX":35.0600013733,"CTAS":413.6700134277,"CTLT":97.3199996948,"CTRA":29.4200000763,"CTSH":84.7399978638,"CTVA":61.0099983215,"CTXS":102.2399978638,"CVS":103.6800003052,"CVX":171.5899963379,"CZR":68.8799972534,"D":87.4000015259,"DAL":42.3600006104,"DD":68.6999969482,"DE":436.75,"DFS":112.1800003052,"DG":248.7700042725,"DGX":135.9199981689,"DHI":72.5100021362,"DHR":276.9800109863,"DIS":130.4700012207,"DISH":33.1899986267,"DLR":145.0200042725,"DLTR":173.0500030518,"DOV":146.3899993896,"DOW":65.4899978638,"DPZ":387.2399902344,"DRE":58.25,"DRI":131.4499969482,"DTE":137.1699981689,"DUK":114.8499984741,"DVA":121.4499969482,"DVN":62.5600013733,"DXC":31.25,"DXCM":492.1099853516,"EA":122.5999984741,"EBAY":54.1500015259,"ECL":176.6000061035,"ED":98.0299987793,"EFX":216.3800048828,"EIX":71.8399963379,"EL":263.8699951172,"EMN":107.9100036621,"EMR":92.8600006104,"ENPH":190.5099945068,"EOG":122.9400024414,"EPAM":290.0599975586,"EQIX":735.2399902344,"EQR":90.4300003052,"ES":92.5999984741,"ESS":345.5100097656,"ETN":139.9100036621,"ETR":124.1999969482,"ETSY":115.7900009155,"EVRG":70.8099975586,"EW":120.0199966431,"EXC":49.0299987793,"EXPD":96.6900024414,"EXPE":191.5500030518,"EXR":212.5500030518,"F":15.4799995422,"FANG":138.4400024414,"FAST":56.0099983215,"FB":210.1799926758,"FBHS":69.6399993896,"FCX":49.1899986267,"FDS":420.5700073242,"FDX":205.7400054932,"FE":47.4000015259,"FFIV":199.5299987793,"FIS":102.4499969482,"FISV":99.6699981689,"FITB":39.0099983215,"FLT":258.6700134277,"FMC":136.7899932861,"FOX":35.8499984741,"FOXA":39.1199989319,"FRC":160.75,"FRT":123.2600021362,"FTNT":331.7600097656,"FTV":58.1800003052,"GD":243.7400054932,"GE":90.8300018311,"GILD":61.8199996948,"GIS":70.9199981689,"GL":102.9300003052,"GLW":33.6899986267,"GM":40.1300010681,"GNRC":251.1900024414,"GOOG":2545.0600585938,"GOOGL":2534.6000976562,"GPC":130.9400024414,"GPN":139.9499969482,"GRMN":111.3099975586,"GS":321.6400146484,"GWW":491.4299926758,"HAL":40.7599983215,"HAS":85.2200012207,"HBAN":13.3599996567,"HCA":260.9400024414,"HD":304.5199890137,"HES":114.7200012207,"HIG":74.9499969482,"HII":222.6699981689,"HLT":155.5800018311,"HOLX":76.3300018311,"HON":195.1900024414,"HPE":15.3800001144,"HPQ":37.4700012207,"HRL":53.4300003052,"HSIC":91.3600006104,"HST":19.5799999237,"HSY":225.9799957275,"HUM":460.5599975586,"HWM":35.4799995422,"IBM":126.5599975586,"ICE":124.5299987793,"IDXX":496.7799987793,"IEX":190.5599975586,"IFF":125.4300003052,"ILMN":336.4899902344,"INCY":81.7399978638,"INTC":45.6699981689,"INTU":465.1099853516,"IP":47.4300003052,"IPG":34.4900016785,"IPGP":97.2900009155,"IQV":238.4799957275,"IR":46.4399986267,"IRM":55.4199981689,"ISRG":279.700012207,"IT":298.1000061035,"ITW":196.2700042725,"IVZ":21.0,"J":144.6600036621,"JBHT":172.0099945068,"JCI":61.5299987793,"JKHY":200.4900054932,"JNJ":179.8999938965,"JNPR":35.1300010681,"JPM":126.1200027466,"K":67.8799972534,"KEY":20.4799995422,"KEYS":143.9299926758,"KHC":42.2900009155,"KIM":25.1299991608,"KLAC":321.4800109863,"KMB":126.4199981689,"KMI":19.3700008392,"KMX":91.7900009155,"KO":65.0199966431,"KR":58.3199996948,"L":65.1500015259,"LDOS":109.0599975586,"LEN":76.7699966431,"LH":269.0400085449,"LHX":257.4100036621,"LIN":318.5199890137,"LKQ":47.0,"LLY":301.8599853516,"LMT":467.6600036621,"LNC":64.9199981689,"LNT":63.3899993896,"LOW":201.2799987793,"LRCX":456.1600036621,"LUMN":11.470000267,"LUV":46.7599983215,"LVS":36.9599990845,"LW":68.7099990845,"LYB":107.5800018311,"LYV":111.3099975586,"MA":357.8200073242,"MAA":205.3899993896,"MAR":180.5099945068,"MAS":49.3899993896,"MCD":250.5099945068,"MCHP":65.2200012207,"MCK":323.25,"MCO":328.3999938965,"MDLZ":63.7200012207,"MDT":109.0199966431,"MET":70.6399993896,"MGM":41.5999984741,"MHK":123.7099990845,"MKC":101.5699996948,"MKTX":265.450012207,"MLM":364.8200073242,"MMC":169.7599945068,"MMM":147.3800048828,"MNST":82.5899963379,"MO":54.9799995422,"MOH":335.9400024414,"MOS":76.0500030518,"MPC":87.1999969482,"MPWR":409.3800048828,"MRK":86.9100036621,"MRNA":165.4900054932,"MRO":26.6100006104,"MS":84.7600021362,"MSCI":482.700012207,"MSFT":279.8299865723,"MSI":233.1900024414,"MTB":159.5599975586,"MTCH":92.0999984741,"MTD":1318.3599853516,"MU":70.1299972534,"NCLH":21.6399993896,"NDAQ":178.5500030518,"NDSN":214.7400054932,"NEE":82.8099975586,"NEM":84.7699966431,"NFLX":341.1300048828,"NI":31.75,"NKE":133.4600067139,"NLOK":26.6399993896,"NLSN":27.3999996185,"NOC":467.200012207,"NOW":507.3299865723,"NRG":39.1899986267,"NSC":263.0599975586,"NTAP":75.5,"NTRS":110.8899993896,"NUE":165.3200073242,"NVDA":212.5800018311,"NVR":4335.4501953125,"NWL":22.4099998474,"NWS":21.4799995422,"NWSA":21.1700000763,"NXPI":170.0,"O":72.6100006104,"ODFL":264.75,"OGN":34.9000015259,"OKE":71.3000030518,"OMC":78.6900024414,"ORCL":79.4499969482,"ORLY":713.8800048828,"OTIS":74.75,"OXY":59.3400001526,"PARA":36.4099998474,"PAYC":319.3599853516,"PAYX":136.6900024414,"PCAR":83.7099990845,"PEAK":35.0299987793,"PEG":72.8000030518,"PENN":37.2700004578,"PEP":171.8999938965,"PFE":53.1199989319,"PFG":73.9499969482,"PG":158.5700073242,"PGR":112.1100006104,"PH":273.8699951172,"PHM":42.2099990845,"PKG":163.0200042725,"PKI":161.4199981689,"PLD":162.6999969482,"PM":101.7699966431,"PNC":175.0,"PNR":52.4300003052,"PNW":77.5400009155,"POOL":414.0599975586,"PPG":128.2700042725,"PPL":29.2000007629,"PRU":117.2399978638,"PSA":408.5,"PSX":82.8499984741,"PTC":98.7099990845,"PVH":79.3399963379,"PWR":135.1399993896,"PXD":254.75,"PYPL":102.3099975586,"QCOM":136.9100036621,"QRVO":113.3799972534,"RCL":82.5800018311,"RE":290.5700073242,"REG":70.5800018311,